{
  "wall_clock_tps": 2079.063589546372,
  "latency_tps": 209.00279541238865,
  "avg_latency": 4784625,
  "failures": 0,
  "iterations": 100000,
  "parallelism": 10,
  "utxo_count": 100,
  "system_info": {
    "GoVersion": "go1.23.3",
    "OS": "linux",
    "CPUModel": "Intel(R) Core(TM) i7-6700 CPU @ 3.40GHz",
    "TotalMemory": 33419149312,
    "AvailableMem": 28798345216
  },
  "bench_duration": 48098576928
}
