{
  "wall_clock_tps": 3.1628718619681475,
  "latency_tps": 3.1639613963551327,
  "avg_latency": 316059482,
  "failures": 0,
  "iterations": 1,
  "parallelism": 10,
  "utxo_count": 100,
  "system_info": {
    "GoVersion": "go1.23.3",
    "OS": "linux",
    "CPUModel": "Intel(R) Core(TM) i7-6700 CPU @ 3.40GHz",
    "TotalMemory": 33419149312,
    "AvailableMem": 28506607616
  },
  "bench_duration": 316168357
}
