{
  "wall_clock_tps": 3.0414362167910673,
  "latency_tps": 3.041927063228097,
  "avg_latency": 328738980,
  "failures": 0,
  "iterations": 1,
  "parallelism": 10,
  "utxo_count": 100,
  "system_info": {
    "GoVersion": "go1.23.3",
    "OS": "linux",
    "CPUModel": "Intel(R) Core(TM) i7-6700 CPU @ 3.40GHz",
    "TotalMemory": 33419149312,
    "AvailableMem": 28496855040
  },
  "bench_duration": 328792034
}
