{
  "wall_clock_tps": 1720.5582928938302,
  "latency_tps": 172.9549033925796,
  "avg_latency": 5781854,
  "failures": 0,
  "iterations": 10000,
  "parallelism": 10,
  "utxo_count": 100,
  "system_info": {
    "GoVersion": "go1.23.3",
    "OS": "linux",
    "CPUModel": "Intel(R) Core(TM) i7-6700 CPU @ 3.40GHz",
    "TotalMemory": 33419149312,
    "AvailableMem": 28598030336
  },
  "bench_duration": 5812066956
}
